{"loss": 1.355427861213684, "accuracy": 0.43672001361846924, "_timestamp": 1711617485.4345498, "_runtime": 371.27426075935364, "_step": 0, "_wandb": {"runtime": 355}}