{"Client 5 loss": 0.029233118519186974, "Client 5 accuracy": 0.9909666776657104, "_timestamp": 1711090452.5888522, "_runtime": 552.114541053772, "_step": 29, "Client 2 loss": 0.028053127229213715, "Client 2 accuracy": 0.9908999800682068, "Client 1 loss": 0.028453290462493896, "Client 1 accuracy": 0.9912999868392944, "Client 3 loss": 0.02851332724094391, "Client 3 accuracy": 0.9908999800682068, "Client 4 loss": 0.02848011627793312, "Client 4 accuracy": 0.991183340549469, "Client 1 test_loss": 0.019912391901016235, "Client 1 test_accuracy": 0.9933000206947327, "Client 5 test_loss": 0.019912391901016235, "Client 5 test_accuracy": 0.9933000206947327, "Client 2 test_loss": 0.019912391901016235, "Client 2 test_accuracy": 0.9933000206947327, "Client 4 test_loss": 0.019912391901016235, "Client 4 test_accuracy": 0.9933000206947327, "Client 3 test_loss": 0.019912391901016235, "Client 3 test_accuracy": 0.9933000206947327, "_wandb": {"runtime": 553}}