{"loss": 0.029238825663924217, "accuracy": 0.9907500147819519, "_timestamp": 1710743645.0100124, "_runtime": 322.19593143463135, "_step": 5, "test_loss": 0.022577503696084023, "test_accuracy": 0.9926000237464905, "_wandb": {"runtime": 321}}