{"loss": 1.3950787782669067, "accuracy": 0.42447999119758606, "_timestamp": 1711599629.6731105, "_runtime": 305.6866805553436, "_step": 0, "_wandb": {"runtime": 306}}