{"loss": 1.379224419593811, "accuracy": 0.4339199960231781, "_timestamp": 1711617485.4658291, "_runtime": 311.2725100517273, "_step": 0, "_wandb": {"runtime": 296}}