{"Client 5 loss": 0.12576276063919067, "Client 5 accuracy": 0.9608666896820068, "_timestamp": 1711617993.5535185, "_runtime": 279.0671555995941, "_step": 11, "Client 1 loss": 0.12656241655349731, "Client 1 accuracy": 0.961816668510437, "Client 2 loss": 0.12772180140018463, "Client 2 accuracy": 0.9619166851043701, "Client 6 loss": 0.12490180879831314, "Client 6 accuracy": 0.9616166949272156, "Client 3 loss": 0.12523296475410461, "Client 3 accuracy": 0.9613833427429199, "Client 4 loss": 0.12579642236232758, "Client 4 accuracy": 0.9607999920845032, "Client 5 test_loss": 0.04857272282242775, "Client 5 test_accuracy": 0.9879000186920166, "Client 1 test_loss": 0.04857272282242775, "Client 1 test_accuracy": 0.9879000186920166, "Client 6 test_loss": 0.04857272282242775, "Client 6 test_accuracy": 0.9879000186920166, "Client 2 test_loss": 0.04857272282242775, "Client 2 test_accuracy": 0.9879000186920166, "Client 4 test_loss": 0.04857272282242775, "Client 4 test_accuracy": 0.9879000186920166, "Client 3 test_loss": 0.04857272282242775, "Client 3 test_accuracy": 0.9879000186920166}