{"loss": 0.017535652965307236, "accuracy": 0.9949339628219604, "_timestamp": 1711088268.5191243, "_runtime": 123.85045218467712, "_step": 4, "test_loss": 0.16804398596286774, "test_accuracy": 0.9750924110412598, "_wandb": {"runtime": 122}}