{"loss": 0.019874269142746925, "accuracy": 0.9938226938247681, "_timestamp": 1711088467.9079442, "_runtime": 128.396094083786, "_step": 5, "test_loss": 0.08604594320058823, "test_accuracy": 0.9764545559883118, "_wandb": {"runtime": 129}}