{"loss": 0.022234244272112846, "accuracy": 0.9933324456214905, "_timestamp": 1711089014.6937869, "_runtime": 126.8632607460022, "_step": 5, "test_loss": 0.07099227607250214, "test_accuracy": 0.9822922945022583, "_wandb": {"runtime": 126}}