{"loss": 0.02802455425262451, "accuracy": 0.991828978061676, "_timestamp": 1711600099.7349818, "_runtime": 118.03638172149658, "_step": 3, "test_loss": 0.2855616807937622, "test_accuracy": 0.9145748019218445}