{"loss": 1.3690321445465088, "accuracy": 0.43347999453544617, "_timestamp": 1711599628.7277436, "_runtime": 363.5953435897827, "_step": 0, "_wandb": {"runtime": 364}}